<!--
  ~ /*
  ~   Copyright 2018. AppDynamics LLC and its affiliates.
  ~   All Rights Reserved.
  ~   This is unpublished proprietary source code of AppDynamics LLC and its affiliates.
  ~   The copyright notice above does not evidence any actual or intended publication of such source code.
  ~  */
  -->

<monitor>
    <name>ApacheMonitor</name>
    <type>managed</type>
    <description>Monitors general status of Apache Server</description>
    <monitor-configuration>
    </monitor-configuration>
    <monitor-run-task>
        <execution-style>periodic</execution-style>
        <execution-frequency-in-seconds>60</execution-frequency-in-seconds>
        <name>Apache Monitor Run Task</name>
        <display-name>Apache Monitor Task</display-name>
        <description>Apache Monitor Task</description>
        <type>java</type>
        <execution-timeout-in-secs>60</execution-timeout-in-secs>
        <task-arguments>
            <!-- config file-->
            <argument name="config-file" is-required="true" default-value="monitors/ApacheMonitor/config.yml" />
            <argument name="metric-file" is-required="true" default-value="monitors/ApacheMonitor/metrics.xml" />
        </task-arguments>
        <java-task>
            <classpath>apache-monitoring-extension.jar</classpath>
            <impl-class>com.appdynamics.extensions.apache.ApacheMonitor</impl-class>
        </java-task>
    </monitor-run-task>
</monitor>
